Title,Total Price,Discount,Subtotal price,Sold Out Count
BUNNY TAILS Handpicked Bunch - Natural Dried Lagurus Pampas Grass Boho Wedding Decor Bridal Bouquet Bohemian Plant Wedding favors,24.90,20%,19.92,
Small Pampas Grass (15 stems) 23” tall - Reed Bunch Wedding Flowers Home Decor Dried Florals Boho Rustic Gift Bridal Bouquet Wedding Favors,23.90,20%,19.12,
Palm Leaves (3 pcs) Large Dried Trimmed Organic - Tropical Palm Fans Spear Pampas Grass Boho Wedding Bridal Bouquet Home Decor,56.90,20%,45.52,
"XL PAMPAS GRASS (4 pcs) The fluffiest Dried Natural Large 45"" tall - For Love Of Pampas",105.00,30%,73.50,
Handmade Ceramic Vase (Dune 45) Medium Size 10” tall - Home Decor Flower Vase,85.90,20%,68.72,
Discounted 3 pcs Sun Palms Dried Trimmed - Tropical Palm Fans Spear Pampas Grass Boho Bridal Bouquet Home Decor DIY Wedding Arch,32.00,20%,25.60,
Dried Pearl Millet Grass - Preserved Flowers DIY Bridal Bouque Natural Home Decor Boho Bedroom Wedding Flowers Tablescaping,15.00,20%,12.00,
Porcelain Tableware Collection Sand - Handmade Ceramic Kitchenware Serving Tray Beige Appetizer Serveware Jewelry Organizer Home Decor,33.90,20%,27.12,
Dried Wedding Flower Collection White - Bridal Bouquet Bridesmaid’s Bouquet Boutonnière Centerpiece - Pampas Grass Wedding Decor Eucalyptus,30.90,20%,24.72,
Dried Limonium Sinuatum White - Forget-me-not Natural Flowers Home Decor Wedding Centerpiece Pampas Grass Dried Florals,22.90,20%,18.32,
Miscanthus Dried - Silver Grass Pampas Grass Natural Home Decor Wedding Centerpiece Dried Flower Arrangement Rustic Boho DIY Wedding Decor,23.90,20%,19.12,
Ruscus Long-leaf Preserved - Dried Bouquet Pampas grass Pink Dried Flowers DIY Flower Arrangement Home Decor Wedding Bunch,31.90,20%,25.52,
Holiday Dried Collection - Pampas Grass Wedding Centerpiece Flower Bouquet Boho Fall Home Decor Bridal Bouquet Bridesmaids Bunch Bunny Tails,54.90,20%,43.92,
Dried Globe Amaranth - Dried Bouquet Wild Flower Pampas grass DIY Wedding Flowers Rustic Home Decor,31.90,20%,25.52,
Dried Sago Flower “Flamingo Feather” - Dried Bouquet Pampas grass DIY Wedding Flowers Rustic Home Decor,31.90,20%,25.52,
XL Pampas Grass 4FT tall The Fluffiest Dried Natural Large - Dried Pampas Grass Natural Home Decor DIY Wedding Flowers Boho Interior Design,56.90,20%,45.52,
Bunny Tails NEW Colors Handpicked Bunch - Natural Dried Lagurus Pampas Grass Boho Wedding Decor Bridal Bouquet Bohemian Plant Wedding favors,24.90,20%,19.92,
Natural Wheat - Dried Bouquet Pampas grass Dried Flowers Boho Wedding Decor Rustic Home Decor,24.90,20%,19.92,
Dried Flowers Wedding Collection Pink - Bridal Bouquet Bridesmaid’s Bouquet Boutonnière - Pampas Grass Wedding Decor,30.90,20%,24.72,
Dried Flower Boutonnière White - Wedding Decor Pampas Grass Wedding favors Bunny Tails Preserved Eucalyptus,30.90,20%,24.72,
Large Bunch Preserved Eucalyptus Blue - Spiral Eucalyptus Leaves Home Decor Bohemian Interior Design Natural Wedding Table Centerpiece,50.00,20%,40.00,
Dried Wedding Flower Collection Ivory - Bridal Bouquet Bridesmaid’s Bouquet Boutonnière Centerpiece - Pampas Grass Wedding Decor,25.00,20%,20.00,
Amaranthus Preserved - Dried Florals Bouquet Pampas grass Dried Flowers Boho Wedding Rustic Home Decor DIY wedding arrangements,48.90,20%,39.12,
Preserved Baby’s Breath - Gypsophila DIY Dried Bouquet Modern Bohemian Wedding Flower Decor Bridal Shower Centerpieces Tablescaping,35.00,20%,28.00,
Mini Silver Dollar Eucalyptus Preserved - Dried Eucalyptus Leaves Home Decor Boho Interior Design Natural Wedding Table Centerpiece DIY,23.90,20%,19.12,
Sun Palm Leaves (3 pcs) Small Dried Organic - Tropical Palm Fans Spear Pampas Grass Boho Wedding Bridal Bouquet Home Decor,30.00,20%,24.00,
"5 stems PAMPAS GRASS Pink 45"" Large - Dried Flower Arrangement Home Decor Boho DIY Wedding Decor Centerpiece Bridal Bouquet",93.90,20%,75.12,
"5 stems PAMPAS GRASS White 45"" Large - Dried Flower Arrangement Home Decor Boho DIY Wedding Decor Centerpiece Bridal Bouquet",93.90,20%,75.12,
Billy Balls 10 pcs Preserved - Medium size Dried Bouquet Craspedia Billy Buttons Pampas grass Pink Dried Flowers wedding home decor,19.90,20%,15.92,
Golden Grass (30 stems) - Dried Pampas Grass Natural Home Decor Wedding Centerpiece Dried Flower Arrangement Rustic Boho,31.90,20%,25.52,
Preserved Scabiosa Flowers - Dried Flowers DIY Centerpiece Home Decor Bohemian Interior Design Natural Purple Wedding Bouquet Tablescaping,48.90,20%,39.12,
Preserved Millet Grass - Dried Flowers DIY Centerpiece Home Decor Bohemian Interior Design Natural Mauve Wedding Bouquet Tablescaping,22.90,20%,18.32,
Asparagus Preserved Dark Blue - Dried Florals Bouquet Pampas grass Dried Flowers Boho Wedding Rustic Home Decor DIY,36.50,20%,29.20,
DIY Centerpieces Mixed Dried Flower Confetti Box with Floral Foam - Pampas Grass Bunny Tails Boho Interior Wedding Boutonnière Tablescaping,42.90,20%,34.32,
Rabbit Tails 40 pcs Red - Bunny Tails Natural Dried Boho Wedding Decor Pampas Grass Bridal Bouquet Wedding Favors,22.50,20%,18.00,
Rabbit Tails 40 pcs Blue - Bunny Tails Natural Dried Boho Wedding Decor Pampas Grass Bridal Bouquet Wedding Favors,22.50,20%,18.00,
Rabbit Tails 40 pcs Brown - Bunny Tails Natural Dried Boho Wedding Decor Pampas Grass Bridal Bouquet Wedding Favors,22.50,20%,18.00,
Brown Limonium Bunch Preserved - Dried Florals Bouquet Pampas grass Dried Flowers Boho Wedding Rustic Home Decor,19.90,20%,15.92,
Purple Limonium Bunch Preserved - Dried Florals Bouquet Pampas grass Dried Flowers Boho Wedding Rustic Home Decor,19.90,20%,15.92,
Colorfull PAMPAS GRASS Small (15 pcs)- Reed Bunch Wedding flowers Home Decor Dried Flowers Boho Plant Rustic Gift Bridal Bouquet Centerpiece,23.90,20%,19.12,
BUNNY TAILS Handpicked Bunch - Natural Dried Lagurus Pampas Grass Boho Wedding Decor Bridal Bouquet Bohemian Plant Wedding favors,24.90,20%,19.92,
Small Pampas Grass (15 stems) 23” tall - Reed Bunch Wedding Flowers Home Decor Dried Florals Boho Rustic Gift Bridal Bouquet Wedding Favors,23.90,20%,19.12,
Palm Leaves (3 pcs) Large Dried Trimmed Organic - Tropical Palm Fans Spear Pampas Grass Boho Wedding Bridal Bouquet Home Decor,56.90,20%,45.52,
"XL PAMPAS GRASS (4 pcs) The fluffiest Dried Natural Large 45"" tall - For Love Of Pampas",105.00,30%,73.50,
Colorfull PAMPAS GRASS Small (15 pcs)- Reed Bunch Wedding flowers Home Decor Dried Flowers Boho Plant Rustic Gift Bridal Bouquet Centerpiece,23.90,20%,19.12,
Colorfull PAMPAS GRASS Small (15 pcs)- Reed Bunch Wedding flowers Home Decor Dried Flowers Boho Plant Rustic Gift Bridal Bouquet Centerpiece,23.90,20%,19.12,
Colorfull PAMPAS GRASS Small (15 pcs)- Reed Bunch Wedding flowers Home Decor Dried Flowers Boho Plant Rustic Gift Bridal Bouquet Centerpiece,23.90,20%,19.12,
Colorfull PAMPAS GRASS Small (15 pcs)- Reed Bunch Wedding flowers Home Decor Dried Flowers Boho Plant Rustic Gift Bridal Bouquet Centerpiece,23.90,20%,19.12,
Colorfull PAMPAS GRASS Small (15 pcs)- Reed Bunch Wedding flowers Home Decor Dried Flowers Boho Plant Rustic Gift Bridal Bouquet Centerpiece,23.90,20%,19.12,
Colorfull PAMPAS GRASS Small (15 pcs)- Reed Bunch Wedding flowers Home Decor Dried Flowers Boho Plant Rustic Gift Bridal Bouquet Centerpiece,23.90,20%,19.12,
Colorfull PAMPAS GRASS Small (15 pcs)- Reed Bunch Wedding flowers Home Decor Dried Flowers Boho Plant Rustic Gift Bridal Bouquet Centerpiece,23.90,20%,19.12,
Mixed Dried Flower Confetti Box for DIY Centerpieces Floral Foam - Pampas Grass Bunny Tails Boho Interior Wedding Boutonnière Tablescaping,42.90,20%,34.32,
Dried Flower Arrangements -Pampas Grass Wedding Centerpiece Flower Bouquet Boho Fall Home Decor Bridal Bouquet Bridesmaids Bunch Bunny Tails,54.90,20%,43.92,
Bunny Tails Confetti Box White DIY - Dried Flower Pampas Grass Centerpice Home Decor Boho Interior Design Wedding Boutonnière Tablescaping,31.90,20%,25.52,
Dried Pampas Dream Bouquet - Dry Flower Bouquet DIY Wedding Centerpiece Natural Bunch Home Decor Boho Decor Bridal Bouquet Bridesmaids,108.90,20%,87.12,
Eucalyptus Pampas Set - Wedding Centerpiece Dry Flower Bouquet Home Decor Boho Decor Bridal Bouquet Bridesmaids Bunch Bunny Tails,54.90,20%,43.92,
Luxury Dried Bouquets Large Pampas Grass Eucalyptus - Dry Flower Bouquet Bunny Tails Red Ruscus Centerpiece Home Decor Boho Wedding Decor,148.90,20%,119.12,
"Pampas Grass Small Beige 23"" - Dried Flower Bouquet Wedding Bunch Home Decor Boho Party Rustic Gift Bridal Bouquet Wedding favors",23.90,20%,19.12,
"Small Pampas Grass Pink 23"" tall - Dried Flower Bouquet Wedding Bunch Home Decor Boho Party Rustic Gift Bridal Bouquet Wedding favors",23.90,20%,19.12,
Mixed Dried Flower Confetti Box for DIY Centerpieces - Pampas Grass Home Decor Bunny Tails Boho Interior Wedding Boutonnière Tablescaping,42.90,20%,34.32,
Preserved Eucalyptus Mix Large Bunch - Silver Dollar Eucalyptus Weeping Willow Centerpiece Home Decor Boho Wedding Decor,98.90,20%,79.12,
Preserved Rice Flower - Dried Flowers DIY Centerpice Home Decor Bohemian Interior Design Natural Pink Wedding Bouquet Tablescaping,27.90,20%,22.32,
Preserved Rice Flower - Dried Flowers DIY Centerpice Home Decor Bohemian Interior Design Natural White Wedding Bouquet Tablescaping,27.90,20%,22.32,
Preserved Rice Flower - Dried Flowers DIY Centerpice Home Decor Bohemian Interior Design Natural Purple Wedding Bouquet Tablescaping,27.90,20%,22.32,
Preserved Rice Flower - Dried Flowers DIY Centerpice Home Decor Bohemian Interior Design Natural Yellow Wedding Bouquet Tablescaping,27.90,20%,22.32,
Preserved Eucalyptus - Silver Dollar Weeping Willow Spiral Home Decor Shower Aesthetic Boho Bedroom DIY Natural Wedding Table Centerpiece,27.90,20%,22.32,
Preserved Eucalyptus Yellow Silver Dollar- Dried Eucalyptus Leaves Home Decor Boho Interior Design Natural Wedding Table Centerpiece,27.90,20%,22.32,
Luxury Preserved Bouquet “Green Goddess”- Eucalyptus Gypsophila Weeping Willow Limonium Rabbit Tails Centerpiece Home Decor Boho Wedding,148.90,20%,119.12,
Luxury Dried Flower Bouquets  - Pampas Grass Preserved Gypsophila Eucalyptus Nigella White Ruscus Centerpiece Home Decor Boho Wedding Gift,148.90,20%,119.12,
Pampas & Oats Set Dried -  Wedding Centerpiece Natural Home Decor Boho Decor Bridal Bouquet Bridesmaids bunch,61.90,20%,49.52,
BUNNY TAILS Burgundy Handpicked Bunch - Dried Lagurus Pampas Grass Boho Wedding Decor Bridal Bouquet Wedding Favors Centerpiece,24.90,20%,19.92,
Brown Pampas Bouquet - Dried Flower Bouquet Pampas Grass Bunny Tails Red Ruscus Centerpiece Home Decor Boho Wedding Decor,85.90,20%,68.72,
"Dried Bouquet ""Berry Punch"" - Dry Flower Bouquet Bunny Tails Eucalyptus Red Ruscus Centerpiece Home Decor Boho Wedding Decor Mother’s Day",148.90,20%,119.12,
Wild Blueberry Bouquet - Dry Flower Bouquet Bunny Tails Eucalyptus Red Ruscus Centerpiece Home Decor Boho Wedding Decor,86.50,20%,69.20,
Bundle: Red Eucalyptus Set - Limonium Ruscus Eucalyptus Bunny Tails Wedding Centerpiece Bouquet Home Decor Boho Decor Bridal Bouquet,42.90,20%,34.32,
Rosé - Dried Floral Set -Limonium Rice Flower Ruscus Eucalyptus Wedding Centerpiece Bouquet Home Decor Boho Decor Bridal Bouquet Bridesmaids,42.90,20%,34.32,
Bundle: Pampas Natural 30 pcs & Bunny Burgundy Set - Bunny Tails Wedding Centerpiece Home Decor Dried Flowers Boho Rustic Bridal Bouquet DIY,58.90,20%,47.12,
"Natural Pampas Grass Arrangement (5 stems) - Extra Fluffy Dried 45"" Large - Home Office Decor Boho Wedding Decor Dried Flowers Boho",123.00,30%,86.10,
Preserved Eucalyptus Small Leaf in Green - Home Decor Bohemian Interior Design Natural Wedding Table Centerpieces Easter,27.90,20%,22.32,
Silver Dollar Eucalyptus Red Preserved - Dried Eucalyptus Leaves Home Decor Boho Interior Design Natural Wedding Table Centerpiece,27.90,20%,22.32,
BUNNY TAILS Handpicked Bunch - Natural Dried Lagurus Pampas Grass Boho Wedding Decor Bridal Bouquet Bohemian Plant Wedding favors,24.90,20%,19.92,
Small Pampas Grass (15 stems) 23” tall - Reed Bunch Wedding Flowers Home Decor Dried Florals Boho Rustic Gift Bridal Bouquet Wedding Favors,23.90,20%,19.12,
Palm Leaves (3 pcs) Large Dried Trimmed Organic - Tropical Palm Fans Spear Pampas Grass Boho Wedding Bridal Bouquet Home Decor,56.90,20%,45.52,
"XL PAMPAS GRASS (4 pcs) The fluffiest Dried Natural Large 45"" tall - For Love Of Pampas",105.00,30%,73.50,
Silver Dollar Eucalyptus Blue Preserved -Dried Eucalyptus Leaves Home Decor Boho Interior Design Natural Wedding Table Centerpiece,27.90,20%,22.32,
Preserved Spiral Eucalyptus - Dried Eucalyptus in Shower Aesthetic Home Decor Boho Interior Bedroom Design Natural Wedding Table Centerpiece,27.90,20%,22.32,
Asparagus Preserved Natural - DIY Dried Bouquet Modern Bohemian Wedding Flower Decor Bridal Shower Centerpieces Tablescaping,36.50,20%,29.20,
Pink Bunny Set of 4 - Small White Pampas Grass Pink and White Bunny Tails Ivory Nigella Dried Flowers Wedding Decor Home Decor,61.90,20%,49.52,
Cotton Candy Bouquet - Dry Flower Bouquet Pink Pampas Grass Bunny Tails Ruscus Centerpiece Home Decor Wedding Decor Easter Gift,85.90,20%,68.72,
Dried Flower Bouquet Pink “Cloud” - Preserved Pink Baby’s Breath Ruscus Pampas Grass Centerpiece Home Decor Wedding Decor Easter Gift,68.90,20%,55.12,
Large Dried Bouquet “I Love You More” - Dry Flower Bouquet Pink Pampas Grass Bunny Tails Centerpiece Home Decor Wedding Decor Boho Gift,148.90,20%,119.12,
White Bunny Tails Bridal Bouquet (240 pcs) -  Natural Dried Lagurus Pampas Grass Boho Wedding Decor Centerpiece Wedding favors,106.50,20%,85.20,
Preserved Eucalyptus Spiral - Dried Eucalyptus Bunch Home Decor Boho Bedroom Shower Aesthetic Natural Wedding Table Centerpiece,27.90,20%,22.32,
25 pcs BUNNY TAILS - Natural Dried Lagurus Ovatus Bouquet Modern Bohemian Wedding Decor Bridal Shower Centerpieces Christmas Tablescaping,19.90,20%,15.92,
Dried Flower Bouquet “Cashmere” - Pampas Grass White Ruscus Limonium Centerpiece Home Decor Boho Wedding Decor Tablescaping Easter,135.90,20%,108.72,
Dried Flower Bouquet “Nocturnal” - Preserved Limonium Black Bunny Tails Rice Flower Centerpiece Home Decor Boho Wedding Decor,56.50,20%,45.20,
Starburst Dried Bouquet - Dry Flower Bouquet Bunny Tails Eucalyptus Red Ruscus Centerpiece Home Decor Boho Wedding Decor,85.90,20%,68.72,
Berry Bouquet Dried - Preserved Eucalyptus Red Ruscus Rice Flower Centerpiece Home Decor Boho Wedding Decor Tablescaping Easter gift,73.90,20%,59.12,
Dried Flower Bouquet “Festive” - Pampas Grass Preserved Eucalyptus Limonium DIY Wedding Centerpiece Home Decor Boho Bridal Bunch Gift,122.50,20%,98.00,
Large Dried Flower Bouquet “Pink Champagne” - Pampas Grass Preserved Eucalyptus Oats Bunny Tails Centerpiece Home Decor Boho Wedding Decor,148.90,20%,119.12,
Luxury Pampas Bouquets Dried - Preserved Eucalyptus Limonium Bunny Tails Centerpiece Home Decor Boho Wedding Gift DIY Wedding Centerpiece,85.90,20%,68.72,
"15 pcs PAMPAS GRASS Small 23"" tall - Reed Bunch Wedding flowers Home Decor Dried Flowers Boho Plant Rustic Gift Bridal Bouquet",23.90,20%,19.12,
Pampas Grass Bunch Brown 10 pcs Natural Dried - Preserved Flowers Bouquet Boho Decor Wedding Table Centerpieces Bridal Shower Decorations,35.90,20%,28.72,
"PAMPAS GRASS Small 23"" tall -Reed Bunch Wedding flowers Home Decor Dried Florals Boho Rustic Gift Bridal Bouquet Wedding favors",16.90,20%,13.52,
Ivory Pampas Set - Small White Pampas Bunny Tails White Ruscus Ivory Fluffy Pampas Dried Flowers Wedding Decor Home Decor Easter Gift,61.90,20%,49.52,
Set: Brown Pampas Burgundy Bunny Limonium - Dry Flower Bouquet Bunny Tails Fluffy Pampas Wedding Centerpiece Dried Home Decor Boho Bridal,61.90,20%,49.52,
"XL PAMPAS GRASS 3 stems Extra Fluffy Natural Color 45"" Large - Home Office Decor Boho Wedding Decor Dried Flowers Boho",78.90,30%,55.23,
Dried Bunny Bouquet “Honey” - Bunny Tails Natural Dried Lagurus Pampas Grass Boho Wedding Decor Bridal Bouquet Centerpiece Wedding favors,81.00,20%,64.80,
Tropical Palm Leaves (3 pcs) Large Dried Organic - Cycas Palms Boho Wedding Home Decor Pampas Grass,36.90,20%,29.52,
"Faux Pampas Grass ""Vanilla"" (3 stems) Medium 38” tall Artificial - For Love Of Pampas",48.90,30%,34.23,
"Faux Pampas Grass ""Vanilla"" (3 stems) Large 43"" tall Artificial - For Love Of Pampas",61.90,30%,43.33,
BUNNY TAILS 60 pcs Handpicked Bunch - Natural Dried Lagurus Pampas Grass Boho Wedding Decor Bridal Bouquet Easter decor Wedding favors,24.90,20%,19.92,
BUNNY TAILS Black Handpicked Bunch - Natural Dried Lagurus Pampas Grass Boho Wedding Decor Bridal Bouquet Wedding favors,24.90,20%,19.92,
BUNNY TAILS Handpicked Bunch - Natural Dried Lagurus Pampas Grass Boho Wedding Decor Bridal Bouquet Fall Wedding favors Invitations,24.90,20%,19.92,
Taper Candles Set of 4 Milk White Unscented - Natural Wax Candles Home Decor Tablescaping Wedding Table Centerpiece,17.50,20%,14.00,
Palm Cloud Bouquet Dried - Dried Palm Leaf Baby’s Breath Wedding Centerpiece Natural Home Decor Boho Decor Decor Bridal Bouquet Bridesmaids,42.90,20%,34.32,
Preserved Limonium Bunch Natural - Preserved Florals Bouquet Pampas grass Dried Flowers Boho Wedding Rustic Home Decor,19.90,20%,15.92,
Limonium Bunch Preserved Natural - Dried Florals Bouquet Pampas grass Dried Flowers Boho Wedding Decor Rustic Home Decor,19.90,20%,15.92,
BUNNY TAILS (180 pcs) Handpicked - Large Bunch Natural Dried Lagurus Pampas Grass Boho Wedding Decor Bridal Bouquet Centerpiece,69.90,20%,55.92,
BUNNY TAILS (180 pcs) Pink - Large Bunch Natural Dried Lagurus Pampas Grass Boho Wedding Decor Bridal Bouquet Centerpiece Wedding favors,69.90,20%,55.92,
BUNNY TAILS Handpicked Bunch - Natural Dried Lagurus Pampas Grass Boho Wedding Decor Bridal Bouquet Bohemian Plant Wedding favors,24.90,20%,19.92,
Small Pampas Grass (15 stems) 23” tall - Reed Bunch Wedding Flowers Home Decor Dried Florals Boho Rustic Gift Bridal Bouquet Wedding Favors,23.90,20%,19.12,
Palm Leaves (3 pcs) Large Dried Trimmed Organic - Tropical Palm Fans Spear Pampas Grass Boho Wedding Bridal Bouquet Home Decor,56.90,20%,45.52,
"XL PAMPAS GRASS (4 pcs) The fluffiest Dried Natural Large 45"" tall - For Love Of Pampas",105.00,30%,73.50,
Dried Bar Pampas Bunny Tails Palm Leaves - Dried Florals Wedding Decor Centerpiece Natural Home Decor Boho DIY  Bridal Bouquet,180.90,20%,144.72,
Natural Limonium Bunch - Preserved Florals Bouquet Pampas grass Dried Flowers Boho Wedding Decor Rustic Home Decor,19.90,20%,15.92,
Red Limonium Bunch Preserved Natural -Dried Florals Pampas grass Dried Flower Bouquet Boho Wedding Decor Rustic Home Decor Tablescape,19.90,20%,15.92,
"Bunny Tails ""Natural"" Handpicked Bunch - Dried Lagurus Pampas Grass Boho Wedding Decor Bridal Bouquet Bohemian Plant Wedding favors",24.90,20%,19.92,
Boho Bouquet Dried - Bunny Tails Wedding Centerpiece Natural Home Decor Boho Decor Decor Bridal Bouquet Bridesmaids Dried palm leaf,72.90,20%,58.32,
"Faux Pampas Grass ""Chocolate"" (3 stems) Medium 38” tall Artificial - For Love Of Pampas",48.90,30%,34.23,
"Pampas Grass ""Faux"" Caramel (3 stems) Medium 38” tall Real Touch - Boho Home Decor Wedding Decor Floral Arrangements Centerpiece",48.90,30%,34.23,
"Pampas Grass ""Faux"" Caramel (5 stems) Small 20” tall Real Touch - Boho Home Decor Wedding Decor Floral Arrangements Centerpiece",55.90,30%,39.13,
"Faux Pampas Grass ""Peach"" (3 stems) Medium 38” tall Artificial - For Love Of Pampas",48.90,30%,34.23,
"Faux Pampas Grass ""Vanilla"" (3 stems) Large 43"" tall Artificial - For Love Of Pampas",61.90,30%,43.33,
Set of 3 BUNNY TAILS Bunches Handpicked - Natural Dried Lagurus Pampas Grass Boho Wedding Decor Bridal Bouquet Wedding favor,24.90,20%,19.92,
600 pcs Wholesale Bunny Tails - Natural Dried Lagurus Pampas Grass Boho Wedding Decor Bridal Bouquet Wedding favors DIY Bouquet Centerpiece,22.00,50%,11.00,
Discounted 3 pcs Large Palm Leaves Dried Trimmed - Tropical Palm Fans Spear Pampas Grass Boho Wedding Bridal Bouquet Home Decor,42.90,20%,34.32,
Bundle Ivory Pampas Bunny Set - Wedding Centerpiece Dry Flower Bouquet Home Decor Boho Decor Bridal Bouquet Bridesmaids Bunch Bunny Tails,61.90,20%,49.52,
Ivory Pampas Bouquet 25” Bunny Tails - Wedding Centerpiece Natural Grass Home Decor Boho Decor Decor Bridal Bouquet Bridesmaids,105.90,20%,84.72,
BUNNY TAILS (180 pcs) - Large Bunch Natural Dried Lagurus Pampas Grass Boho Wedding Decor Bridal Bouquet Centerpiece Wedding favors,69.90,20%,55.92,
"Faux Pampas Grass ""Peach"" (3 stems) Large 43” tall Artificial - For Love Of Pampas",61.90,30%,43.33,
Red Limonium Bunch- Dried Natural Florals Bouquet Pampas grass Dried Flowers Boho Wedding Decor Rustic Home Decor Tablescaping,19.90,20%,15.92,
"Bunny Tails ""White"" Handpicked Bunch - Dried Lagurus Pampas Grass Boho Wedding Decor Bridal Bouquet Bohemian Plant Backyard Patio Design",24.90,20%,19.92,
Mini Bunny Tails Bunch 60 pcs - Dried Lagurus Pampas Grass Boho Wedding Invitations Bridal Bouquet Home Decor Dried florals Wedding favors,24.90,20%,19.92,
10 stems Artificial Peony Bunch Milk White  28” tall Clearance - Luxe Quality Faux Flowers Home Decor Wedding Decor Bouquet Pampas Grass,89.90,50%,44.95,
Billy Balls Yellow (10 pcs) Dried - Medium size Dried Bouquet Craspedia Billy Buttons Pampas grass Yellow Dried Flowers wedding home decor,19.90,20%,15.92,
"Bundle: 3xSmall, 3xLarge Palm Leaves Dried Trimmed Organic - Tropical Palm Fans Leaves Pampas Grass Boho Wedding Bridal Bouquet Home Decor",86.50,20%,69.20,
Dried Palm Leaves 2 pcs Natural Organic - Tropical Palm Fans Spear Pampas Grass Boho Wedding Bridal Bouquet Home Decor Palm Flutters,23.90,20%,19.12,
Golden Wheat Dried Natural Bunch - Dried Bouquet Pampas grass Dried Flowers Boho Wedding Decor Rustic Home Decor,24.90,20%,19.92,
Red Ruscus Branches Dried - DIY Flower Arrangement Boho Wedding Decor Rustic Home Decor Bridal Bouquet,37.90,20%,30.32,
Medium Pampas Grass Ivory Bunch 30” (7 stems) Natural Dried - For Love Of Pampas,74.90,20%,59.92,
"PAMPAS GRASS Small Natural Brown 23"" tall - Reed Bunch Wedding flowers Home Decor Dried Flowers Boho Plant Rustic Gift Bridal Bouquet",23.90,20%,19.12,
"Pampas Grass Small 23"" tall - Dried Flower Bouquet Wedding Bunch Home Decor Boho Party Rustic Gift Bridal Bouquet Wedding favors",23.90,20%,19.12,
BUNNY TAILS Handpicked Bunch - White Dried Lagurus Pampas Grass Boho Wedding Decor Bridal Bouquet Boho Wedding favors,19.90,20%,15.92,
Rabbit Tails 40 pcs Natural Green - Bunny Tails Natural Dried Boho Wedding Decor Pampas Grass Bridal Bouquet Wedding Favors,22.50,20%,18.00,
Bunny Tails Red Bean Handpicked Bunch - Natural Dried Boho Wedding Decor Pampas Grass Bridal Bouquet House Plant Wedding Favors,24.90,20%,19.92,
"Faux Pampas Grass ""Vanilla"" (3 stems) Medium 38” tall Artificial - For Love Of Pampas",48.90,30%,34.23,
Nigella Orientalis Off-white Dried - DIY Flower Arrangement Boho Wedding Decor Rustic Home Decor Bridal Bouquet,30.00,20%,24.00,
Dried Oats Natural Bunch - Dried Bouquet Pampas grass Dried Flowers Boho Wedding Decor Rustic Home Decor,19.90,20%,15.92,
Ivory Ruscus Branches Dried - DIY Flower Arrangement Pampas grass Dried Flowers Boho Wedding Decor Rustic Home Decor Bridal Bouquet,38.00,20%,30.40,
BUNNY TAILS Handpicked Bunch - Natural Dried Lagurus Pampas Grass Boho Wedding Decor Bridal Bouquet Bohemian Plant Wedding favors,24.90,20%,19.92,
Small Pampas Grass (15 stems) 23” tall - Reed Bunch Wedding Flowers Home Decor Dried Florals Boho Rustic Gift Bridal Bouquet Wedding Favors,23.90,20%,19.12,
Palm Leaves (3 pcs) Large Dried Trimmed Organic - Tropical Palm Fans Spear Pampas Grass Boho Wedding Bridal Bouquet Home Decor,56.90,20%,45.52,
"XL PAMPAS GRASS (4 pcs) The fluffiest Dried Natural Large 45"" tall - For Love Of Pampas",105.00,30%,73.50,
Rabbit Tails 40 pcs - Natural Dried Boho Wedding Decor Pampas Grass White Bridal Bouquet Bohemian Plant Backyard Patio Design,22.50,20%,18.00,
Palm Leaves (3 pcs) Small Dried Trimmed Organic - Tropical Palm Fans Spear Pampas Grass Boho Wedding Bridal Bouquet Home Decor,36.90,20%,29.52,
"XL PAMPAS GRASS (4 pcs) The fluffiest Dried Natural Large 45"" tall - For Love Of Pampas",105.00,30%,73.50,
Palm Leaves (3 pcs) Large Dried Trimmed Organic - Tropical Palm Fans Spear Pampas Grass Boho Wedding Bridal Bouquet Home Decor,56.90,20%,45.52,
"PAMPAS GRASS White Small 23"" tall Wedding flower bunch home decor Reed Housewarming gift Dried Flowers bohemian plant rustic Easter",23.90,20%,19.12,
BUNNY TAILS Handpicked Bunch - Natural Dried Lagurus Pampas Grass Boho Wedding Decor Bridal Bouquet Bohemian Plant Wedding favors,24.90,20%,19.92,
Small Pampas Grass (15 stems) 23” tall - Reed Bunch Wedding Flowers Home Decor Dried Florals Boho Rustic Gift Bridal Bouquet Wedding Favors,23.90,20%,19.12,
"XL PAMPAS GRASS 3 stems Extra Fluffy Natural Color 45"" Large - Home Office Decor Boho Wedding Decor Dried Flowers Boho",78.90,30%,55.23,
